id,first_name,last_name,email,gender,ip_address
1,Giffard,Plott,gplott0@wikimedia.org,Male,206.73.89.6
2,Bertie,Halward,bhalward1@livejournal.com,Male,37.211.18.124
3,Maureen,Schrader,mschrader2@goo.gl,Female,248.203.197.11
4,Diannne,Salvatore,dsalvatore3@alexa.com,Female,127.251.104.161
5,Belita,Hornig,bhornig4@theglobeandmail.com,Female,79.188.215.53
6,Hillard,Brunroth,hbrunroth5@rakuten.co.jp,Non-binary,247.221.142.82
7,Charmian,Raiment,craiment6@mapquest.com,Agender,17.87.219.44
8,Walden,Ferandez,wferandez7@oakley.com,Male,149.198.125.199
9,Marinna,Fatharly,mfatharly8@patch.com,Female,114.28.49.186
10,Stefanie,Sparkwill,ssparkwill9@woothemes.com,Female,81.178.152.136
11,Dudley,McKiddin,dmckiddina@wikispaces.com,Male,125.33.135.190
12,Tallie,Coldbathe,tcoldbatheb@dmoz.org,Male,237.238.219.217
13,Peyton,Markova,pmarkovac@scribd.com,Male,154.167.174.77
14,Renate,Leckey,rleckeyd@redcross.org,Female,178.82.4.120
15,Roy,Heinzler,rheinzlere@dot.gov,Male,227.191.244.59
16,Car,Collar,ccollarf@discuz.net,Male,185.135.5.99
17,Alix,Beckles,abecklesg@comcast.net,Female,58.3.174.109
18,Matthus,Imloch,mimlochh@wordpress.org,Male,204.12.226.11
19,Domenic,Emms,demmsi@yahoo.co.jp,Male,53.233.180.76
20,Wilfred,Krug,wkrugj@zimbio.com,Male,180.54.20.159
21,Wendall,Gonsalvez,wgonsalvezk@yahoo.com,Male,158.14.136.211
22,Dante,Martignon,dmartignonl@cnn.com,Male,215.80.65.239
23,Caty,Rance,crancem@discuz.net,Female,86.196.248.177
24,Myles,Gascoigne,mgascoignen@t-online.de,Male,38.113.185.76
25,Flint,Jeppensen,fjeppenseno@dedecms.com,Male,72.53.211.218
26,Penny,Splevins,psplevinsp@about.com,Female,243.217.233.4
27,Ingar,Sherman,ishermanq@smugmug.com,Male,166.32.67.64
28,Chaunce,Kinzett,ckinzettr@ibm.com,Male,250.222.101.128
29,Tatiania,Hanretty,thanrettys@mysql.com,Female,215.2.58.183
30,Inglis,Mewe,imewet@soundcloud.com,Male,225.151.58.243
31,Peyton,Spoerl,pspoerlu@1und1.de,Male,135.184.36.136
32,Demott,Sparsholt,dsparsholtv@sitemeter.com,Male,163.47.40.12
33,Maighdiln,Crate,mcratew@umn.edu,Female,137.131.15.83
34,Franni,Clemencon,fclemenconx@woothemes.com,Female,175.77.246.85
35,Traver,Jaynes,tjaynesy@cdbaby.com,Male,103.233.120.91
36,Alexander,Eddow,aeddowz@tuttocitta.it,Genderfluid,49.10.157.241
37,Irvine,Simonetti,isimonetti10@uol.com.br,Male,224.94.48.241
38,Alvy,Titmarsh,atitmarsh11@jigsy.com,Male,72.23.126.65
39,Nevins,Aizkovitch,naizkovitch12@nytimes.com,Male,10.142.32.110
40,Sylvester,Slisby,sslisby13@china.com.cn,Male,125.83.148.207
41,Agnesse,Manuaud,amanuaud14@sitemeter.com,Polygender,208.176.117.97
42,Gilberto,Whisson,gwhisson15@bizjournals.com,Male,53.175.188.59
43,Nicola,Kerrey,nkerrey16@yahoo.com,Male,22.170.63.222
44,Lynnell,Portwain,lportwain17@loc.gov,Female,197.223.178.209
45,Tressa,Ryle,tryle18@cbsnews.com,Female,22.121.185.43
46,Cinnamon,Thys,cthys19@flickr.com,Genderqueer,217.111.210.10
47,Roxane,Maulin,rmaulin1a@w3.org,Female,196.103.204.124
48,Ethelyn,Bendare,ebendare1b@microsoft.com,Female,26.145.221.186
49,Duffie,Macvain,dmacvain1c@cam.ac.uk,Male,46.121.38.66
50,Grantham,MacCauley,gmaccauley1d@networksolutions.com,Male,17.73.209.51
51,Dayle,Fogel,dfogel1e@drupal.org,Agender,159.195.211.181
52,Opal,Bockmann,obockmann1f@infoseek.co.jp,Female,144.85.215.76
53,Maighdiln,Mallen,mmallen1g@godaddy.com,Female,153.38.211.208
54,Udell,Rawes,urawes1h@ocn.ne.jp,Male,233.166.8.208
55,Agnola,Hoffner,ahoffner1i@netvibes.com,Female,51.126.52.81
56,Baillie,Brushneen,bbrushneen1j@bbc.co.uk,Male,166.176.96.108
57,Bennie,Sixsmith,bsixsmith1k@behance.net,Male,97.179.225.112
58,Basia,Lewcock,blewcock1l@shareasale.com,Female,195.219.71.252
59,Patricio,O'Carran,pocarran1m@army.mil,Male,82.135.207.42
60,Aveline,Maltby,amaltby1n@epa.gov,Female,19.178.86.227
61,Florida,Gino,fgino1o@hc360.com,Female,60.110.245.142
62,Robbert,Iacovo,riacovo1p@wsj.com,Male,67.175.16.128
63,Kyrstin,Tolomei,ktolomei1q@bloglovin.com,Genderfluid,155.19.217.233
64,Turner,Dowdeswell,tdowdeswell1r@pcworld.com,Male,84.197.203.180
65,Olin,Kuzemka,okuzemka1s@walmart.com,Male,219.224.40.210
66,Harlie,Molfino,hmolfino1t@unblog.fr,Female,88.221.253.205
67,Devinne,Roddam,droddam1u@tripod.com,Female,4.131.227.78
68,Mohandas,Guite,mguite1v@addtoany.com,Male,159.72.18.149
69,Klarika,Eadmeades,keadmeades1w@prlog.org,Female,58.81.153.181
70,Idaline,McArte,imcarte1x@bbb.org,Female,126.31.43.84
71,Leupold,Ireson,lireson1y@redcross.org,Male,241.97.132.220
72,Letty,MacCrann,lmaccrann1z@eventbrite.com,Female,149.235.57.34
73,Nady,Hickeringill,nhickeringill20@51.la,Female,107.25.162.223
74,Baudoin,Stanyon,bstanyon21@ucsd.edu,Male,100.102.231.68
75,Candide,Bassil,cbassil22@geocities.com,Female,164.92.19.45
76,Debora,Chaudrelle,dchaudrelle23@clickbank.net,Female,247.208.74.3
77,Zed,Hoggin,zhoggin24@berkeley.edu,Male,229.70.171.58
78,Niven,Trenouth,ntrenouth25@simplemachines.org,Non-binary,23.151.63.98
79,Gavrielle,Tidbald,gtidbald26@cbc.ca,Polygender,213.28.180.132
80,Linette,Skace,lskace27@tumblr.com,Female,213.0.146.67
81,Jamill,Lewtey,jlewtey28@reuters.com,Genderfluid,39.105.63.153
82,Melony,Doby,mdoby29@1688.com,Female,95.128.109.197
83,Belia,Haine,bhaine2a@bluehost.com,Female,218.201.5.94
84,Domini,Tarply,dtarply2b@vimeo.com,Female,30.49.37.166
85,Tansy,Hartshorne,thartshorne2c@infoseek.co.jp,Female,241.29.198.253
86,Wat,Clunie,wclunie2d@hubpages.com,Polygender,58.60.197.98
87,Noelani,Massie,nmassie2e@cpanel.net,Female,186.175.224.43
88,Jard,Hext,jhext2f@answers.com,Male,48.204.17.30
89,Nicky,Vannucci,nvannucci2g@ihg.com,Non-binary,19.95.30.180
90,Gan,Stute,gstute2h@rambler.ru,Male,69.219.141.129
91,Corie,Cobbin,ccobbin2i@360.cn,Female,83.218.186.6
92,Selby,Shaddick,sshaddick2j@virginia.edu,Male,63.88.137.142
93,Paola,Pryor,ppryor2k@i2i.jp,Female,123.186.199.191
94,Kaitlynn,Bedinn,kbedinn2l@who.int,Female,200.165.93.149
95,Leisha,Le Leu,lleleu2m@symantec.com,Non-binary,206.219.177.143
96,Isiahi,Stapford,istapford2n@intel.com,Male,18.90.70.40
97,Rodrick,Blumire,rblumire2o@archive.org,Male,230.22.219.12
98,Mamie,Burchill,mburchill2p@topsy.com,Female,66.105.73.85
99,Harrie,Mallalieu,hmallalieu2q@epa.gov,Female,201.155.191.166
100,Keelia,Pugh,kpugh2r@dot.gov,Female,45.89.83.134
101,Osbourne,Murcutt,omurcutt2s@smh.com.au,Male,27.249.20.101
102,August,Castille,acastille2t@mapquest.com,Bigender,30.54.236.174
103,Leticia,Skellington,lskellington2u@vimeo.com,Female,104.114.64.41
104,Raleigh,Jerzyk,rjerzyk2v@walmart.com,Male,203.100.188.148
105,Karim,Etheridge,ketheridge2w@imgur.com,Male,80.213.70.44
106,Sterling,Gantzman,sgantzman2x@chron.com,Male,27.67.212.162
107,Alec,Loynton,aloynton2y@simplemachines.org,Male,108.143.11.15
108,Gaston,De Malchar,gdemalchar2z@wix.com,Male,119.248.59.48
109,Stormi,Faiers,sfaiers30@merriam-webster.com,Female,5.3.33.161
110,Melvyn,Cluff,mcluff31@acquirethisname.com,Genderfluid,114.168.164.50
111,Jada,Crysell,jcrysell32@wufoo.com,Female,98.27.226.162
112,Nancey,Bondy,nbondy33@dot.gov,Female,119.132.241.16
113,Shelly,Dymick,sdymick34@craigslist.org,Female,181.137.166.147
114,Erie,Janata,ejanata35@purevolume.com,Male,0.25.245.217
115,Ruddie,Yosevitz,ryosevitz36@domainmarket.com,Male,14.27.59.28
116,Rosabelle,Bellard,rbellard37@blogtalkradio.com,Female,94.70.63.128
117,Welch,Labbet,wlabbet38@yahoo.co.jp,Male,25.83.187.83
118,Dalton,O'Dare,dodare39@hc360.com,Male,28.56.124.36
119,Butch,Willson,bwillson3a@flickr.com,Male,31.164.124.166
120,Sande,Woliter,swoliter3b@unblog.fr,Female,169.146.82.43
121,Kennan,Van Leijs,kvanleijs3c@posterous.com,Male,47.187.249.58
122,Tabby,Cummins,tcummins3d@mayoclinic.com,Male,187.228.238.21
123,Chrysler,Ramsbotham,cramsbotham3e@businessinsider.com,Genderfluid,22.221.71.1
124,Allix,Whacket,awhacket3f@google.co.jp,Female,205.69.148.212
125,Pietra,Labadini,plabadini3g@1und1.de,Female,119.33.100.69
126,Camille,Pinare,cpinare3h@virginia.edu,Female,122.69.208.245
127,Minerva,Hawkins,mhawkins3i@patch.com,Female,127.193.188.215
128,Perri,O'Farrell,pofarrell3j@yellowbook.com,Female,199.244.206.230
129,Louise,Adriaens,ladriaens3k@bandcamp.com,Female,139.15.218.240
130,Kimbra,Tibols,ktibols3l@elegantthemes.com,Female,245.120.30.94
131,Hannis,Chittey,hchittey3m@tripod.com,Female,53.8.100.24
132,Maitilde,Jori,mjori3n@canalblog.com,Female,137.62.204.132
133,Wallas,Gooley,wgooley3o@europa.eu,Male,56.52.118.20
134,Ivan,Ecles,iecles3p@ovh.net,Male,212.240.235.111
135,Aldon,Northen,anorthen3q@theatlantic.com,Male,131.143.48.187
136,Roscoe,Brinsford,rbrinsford3r@ucla.edu,Male,190.49.153.187
137,Thibaut,Koppel,tkoppel3s@plala.or.jp,Male,236.176.117.216
138,Betsy,Delamar,bdelamar3t@delicious.com,Female,62.41.198.160
139,Quillan,Jamme,qjamme3u@google.ru,Male,10.44.154.151
140,Dorella,Ruppel,druppel3v@mac.com,Agender,202.230.199.67
141,Isidoro,Hampshaw,ihampshaw3w@epa.gov,Male,240.94.153.194
142,Susette,Matiasek,smatiasek3x@wunderground.com,Female,101.135.48.8
143,Thorvald,Gehring,tgehring3y@stanford.edu,Male,234.142.54.207
144,Edmund,Bidgood,ebidgood3z@howstuffworks.com,Male,238.9.232.58
145,Moises,Seacombe,mseacombe40@ca.gov,Male,177.89.89.54
146,Conroy,Plover,cplover41@weibo.com,Male,23.184.177.109
147,Gill,Chiverstone,gchiverstone42@latimes.com,Male,7.164.119.22
148,Berkly,Fuke,bfuke43@vk.com,Male,157.67.233.217
149,Rani,Gailor,rgailor44@gravatar.com,Female,109.246.213.128
150,Brittni,Mendonca,bmendonca45@admin.ch,Female,96.107.95.243
151,Goober,Furtado,gfurtado46@msu.edu,Male,57.15.140.233
152,Giavani,Grigoletti,ggrigoletti47@nhs.uk,Male,93.190.24.210
153,Bordy,Cosstick,bcosstick48@about.me,Male,199.182.107.31
154,Margie,Timoney,mtimoney49@japanpost.jp,Female,37.35.230.178
155,Tommie,Collman,tcollman4a@forbes.com,Polygender,181.238.56.112
156,Tabbatha,Glencorse,tglencorse4b@ebay.com,Female,78.149.195.128
157,Gaylor,Mancer,gmancer4c@flavors.me,Male,223.64.31.107
158,Deloria,Thynne,dthynne4d@prlog.org,Female,198.93.194.229
159,Hanson,Daile,hdaile4e@samsung.com,Male,34.94.237.124
160,Dolf,Brattell,dbrattell4f@goodreads.com,Male,224.70.167.87
161,Charmion,Pote,cpote4g@purevolume.com,Female,191.85.121.106
162,Massimiliano,Gawthorpe,mgawthorpe4h@so-net.ne.jp,Bigender,208.135.154.15
163,Andrea,Sinden,asinden4i@cmu.edu,Male,36.176.12.43
164,Tarrance,Maypes,tmaypes4j@sphinn.com,Male,10.13.90.181
165,Domenico,Larwell,dlarwell4k@altervista.org,Male,248.112.109.102
166,Tarrah,Atter,tatter4l@hp.com,Female,218.73.109.169
167,Leta,Safhill,lsafhill4m@weibo.com,Female,66.76.216.27
168,Ainslie,Pensom,apensom4n@msu.edu,Agender,58.145.55.128
169,Shani,MacChaell,smacchaell4o@woothemes.com,Female,124.202.141.164
170,Brody,Hryniewicz,bhryniewicz4p@scribd.com,Polygender,252.33.245.190
171,Whittaker,Vautrey,wvautrey4q@bloglines.com,Male,95.122.51.215
172,Barnett,Francescuccio,bfrancescuccio4r@drupal.org,Male,194.154.157.28
173,Emanuele,Costock,ecostock4s@tripod.com,Male,219.74.229.241
174,Angelico,Godar,agodar4t@g.co,Male,62.153.244.56
175,Hyacinthia,Blaxland,hblaxland4u@g.co,Female,35.147.34.54
176,Nealy,Matissoff,nmatissoff4v@psu.edu,Male,99.145.15.187
177,Marena,Navaro,mnavaro4w@freewebs.com,Female,81.249.151.5
178,Luke,Dukelow,ldukelow4x@t-online.de,Male,176.232.96.194
179,Agnella,Schwaiger,aschwaiger4y@miibeian.gov.cn,Female,84.121.38.87
180,Jess,Pray,jpray4z@reuters.com,Male,101.207.254.121
181,Teddi,Millett,tmillett50@over-blog.com,Female,22.83.20.32
182,Juieta,Pettican,jpettican51@ameblo.jp,Female,132.122.63.249
183,Carilyn,Caris,ccaris52@redcross.org,Female,164.164.22.187
184,Tudor,Lunnon,tlunnon53@g.co,Male,149.143.48.103
185,Orazio,Heinemann,oheinemann54@census.gov,Male,252.34.69.134
186,Codi,Hankey,chankey55@ca.gov,Polygender,26.120.233.10
187,Almire,Echalie,aechalie56@smugmug.com,Female,129.206.172.229
188,Jared,Hug,jhug57@baidu.com,Male,159.119.58.20
189,Eustace,Doret,edoret58@hibu.com,Male,91.247.0.83
190,Vilma,Rollinshaw,vrollinshaw59@angelfire.com,Female,153.252.8.60
191,Maitilde,Ducastel,mducastel5a@webmd.com,Female,87.212.115.111
192,Chaim,Poleykett,cpoleykett5b@jiathis.com,Male,63.120.223.228
193,Ariel,Lammerding,alammerding5c@vkontakte.ru,Non-binary,10.98.43.240
194,Guthrie,Pinching,gpinching5d@npr.org,Male,30.212.18.53
195,Frants,Zumbusch,fzumbusch5e@wufoo.com,Male,157.43.233.130
196,Gustave,Bache,gbache5f@4shared.com,Male,207.176.132.211
197,Nero,Hair,nhair5g@yandex.ru,Male,224.213.169.7
198,Eleanore,Bodleigh,ebodleigh5h@addthis.com,Female,122.23.139.74
199,Suzette,Cocklie,scocklie5i@intel.com,Female,50.5.182.26
200,Bil,Boullin,bboullin5j@bbc.co.uk,Male,84.51.16.63
201,Dacy,Geake,dgeake5k@miitbeian.gov.cn,Female,201.36.195.18
202,Brok,Lourenco,blourenco5l@w3.org,Male,63.251.207.236
203,Rosemonde,Cowton,rcowton5m@smh.com.au,Female,21.51.106.193
204,Diego,Haglington,dhaglington5n@ucsd.edu,Male,24.28.208.90
205,Sybille,Linnard,slinnard5o@ustream.tv,Female,105.25.234.5
206,Karia,Bohlsen,kbohlsen5p@1688.com,Female,20.109.213.112
207,Way,Herculson,wherculson5q@tamu.edu,Male,250.214.19.98
208,Germaine,Rodolf,grodolf5r@telegraph.co.uk,Female,33.59.192.130
209,Cori,Brenston,cbrenston5s@mozilla.org,Female,145.227.75.86
210,Lothaire,McAulay,lmcaulay5t@zimbio.com,Non-binary,63.125.177.75
211,Matias,Imbrey,mimbrey5u@digg.com,Male,83.58.195.220
212,Stanford,Eichmann,seichmann5v@chronoengine.com,Male,233.225.246.114
213,Jobina,Eye,jeye5w@digg.com,Female,20.184.250.100
214,Quincy,Tregensoe,qtregensoe5x@theguardian.com,Male,225.202.43.4
215,Odele,Fairburn,ofairburn5y@mail.ru,Female,69.202.177.18
216,Holly,Pinchin,hpinchin5z@tinypic.com,Female,45.6.170.113
217,Kip,Danielsson,kdanielsson60@typepad.com,Female,103.35.63.40
218,Pinchas,Fills,pfills61@mlb.com,Male,214.137.85.212
219,Benoite,Matokhnin,bmatokhnin62@aboutads.info,Female,142.97.29.73
220,Yancy,Malenfant,ymalenfant63@bbc.co.uk,Male,145.132.110.252
221,Randee,Leonards,rleonards64@ibm.com,Female,255.162.95.56
222,Fidelity,Zammitt,fzammitt65@goo.ne.jp,Genderqueer,183.202.238.178
223,Philip,Skarr,pskarr66@usda.gov,Male,52.144.208.32
224,Marcellus,Denziloe,mdenziloe67@mapy.cz,Male,52.24.250.24
225,Leoine,Dabbs,ldabbs68@jiathis.com,Female,40.41.28.182
226,Angelia,Tobin,atobin69@huffingtonpost.com,Female,230.10.136.62
227,Riva,Hedley,rhedley6a@sitemeter.com,Female,200.79.95.155
228,Delmore,O'Garmen,dogarmen6b@furl.net,Male,207.18.98.133
229,Blithe,Sailor,bsailor6c@newyorker.com,Female,188.31.212.202
230,Egbert,Howels,ehowels6d@usatoday.com,Genderqueer,163.218.104.247
231,Hilton,Revey,hrevey6e@tripod.com,Male,147.31.50.152
232,Archaimbaud,Urian,aurian6f@dropbox.com,Male,233.248.64.195
233,Nola,Leveritt,nleveritt6g@toplist.cz,Female,12.247.9.96
234,Dewitt,Marler,dmarler6h@scientificamerican.com,Male,115.70.157.13
235,Agnola,Armstrong,aarmstrong6i@abc.net.au,Non-binary,115.231.244.56
236,Berkley,Worsnop,bworsnop6j@miibeian.gov.cn,Male,85.146.180.149
237,Lennard,Corradengo,lcorradengo6k@bravesites.com,Male,95.103.156.201
238,Deidre,Llewellin,dllewellin6l@storify.com,Female,248.192.184.192
239,Ami,Pattullo,apattullo6m@yolasite.com,Genderqueer,34.64.151.152
240,Lorie,Pund,lpund6n@washington.edu,Female,26.24.182.50
241,Bord,Headingham,bheadingham6o@g.co,Genderqueer,41.193.207.104
242,Ralina,Kaesmans,rkaesmans6p@bravesites.com,Female,64.48.157.60
243,Aylmar,Heynen,aheynen6q@usatoday.com,Male,98.127.14.187
244,Alicea,Bichener,abichener6r@live.com,Female,227.48.216.25
245,Sammie,Turnbull,sturnbull6s@webnode.com,Male,232.50.187.23
246,Carolann,Lamberti,clamberti6t@imageshack.us,Female,143.185.158.215
247,Nicolina,Harvey,nharvey6u@zdnet.com,Female,234.131.60.143
248,Averyl,Alexis,aalexis6v@vimeo.com,Non-binary,80.20.180.83
249,Mervin,Compford,mcompford6w@vinaora.com,Male,38.183.133.226
250,Vin,Billingsley,vbillingsley6x@usatoday.com,Female,2.201.93.252
251,Trudie,Stollhofer,tstollhofer6y@sogou.com,Female,203.155.209.94
252,Teodoor,Balfe,tbalfe6z@sitemeter.com,Male,101.226.131.237
253,Alicea,Monahan,amonahan70@usda.gov,Female,119.43.9.166
254,Mirelle,Boshers,mboshers71@phoca.cz,Female,43.161.0.87
255,Dorise,Klulisek,dklulisek72@earthlink.net,Female,191.207.172.221
256,Arlinda,Bugs,abugs73@theatlantic.com,Female,235.44.100.198
257,Herve,Cutler,hcutler74@live.com,Male,108.75.34.207
258,Natty,Haddleston,nhaddleston75@umich.edu,Female,141.37.211.225
259,Briggs,Rizon,brizon76@narod.ru,Male,222.29.231.108
260,Kingsly,Kmieciak,kkmieciak77@newsvine.com,Male,177.185.14.80
261,Alanah,Maddison,amaddison78@google.es,Female,216.192.196.35
262,Judd,Margach,jmargach79@com.com,Male,60.142.254.150
263,Merrielle,McNevin,mmcnevin7a@privacy.gov.au,Female,104.117.119.130
264,Vachel,Wornham,vwornham7b@weebly.com,Male,9.66.101.238
265,Pierrette,Mar,pmar7c@canalblog.com,Female,214.7.97.245
266,Nikolaus,Ramard,nramard7d@t-online.de,Male,189.36.9.253
267,Orton,Heditch,oheditch7e@samsung.com,Male,98.211.22.127
268,Rebbecca,McCorley,rmccorley7f@intel.com,Female,14.206.81.91
269,Elliott,Dabrowski,edabrowski7g@sourceforge.net,Male,65.131.98.137
270,Cherianne,Busse,cbusse7h@webmd.com,Female,203.238.254.38
271,Colet,Emby,cemby7i@w3.org,Male,228.15.16.65
272,Brandea,Metrick,bmetrick7j@google.co.uk,Female,144.236.231.254
273,Fayth,Rowston,frowston7k@umich.edu,Female,17.220.11.157
274,Adrian,Fogarty,afogarty7l@icq.com,Male,77.9.242.149
275,Lawton,Riolfo,lriolfo7m@hc360.com,Male,194.52.155.12
276,Ozzie,Larcombe,olarcombe7n@drupal.org,Male,81.116.126.5
277,Callie,Ollet,collet7o@discovery.com,Female,133.230.117.88
278,Engelbert,Deverall,edeverall7p@cnbc.com,Male,34.220.155.192
279,Arabela,Whyborn,awhyborn7q@live.com,Female,198.217.93.89
280,Franny,Penman,fpenman7r@sourceforge.net,Female,109.52.161.199
281,Scott,Ravenhill,sravenhill7s@purevolume.com,Male,200.193.193.196
282,Casey,Waterfall,cwaterfall7t@reference.com,Male,47.21.165.94
283,Ham,Edlington,hedlington7u@cpanel.net,Male,203.50.19.35
284,Ignazio,Snowden,isnowden7v@ca.gov,Male,247.126.221.226
285,Cassandra,Lenahan,clenahan7w@comsenz.com,Female,88.226.6.26
286,Alwyn,Blastock,ablastock7x@blogtalkradio.com,Male,205.132.236.250
287,Broderic,Moors,bmoors7y@noaa.gov,Male,236.141.235.88
288,Janos,Kunisch,jkunisch7z@histats.com,Male,218.181.39.91
289,Kristofer,Flowitt,kflowitt80@linkedin.com,Bigender,1.234.92.88
290,Creighton,Holttom,cholttom81@lycos.com,Male,31.98.87.212
291,Richmond,Sannes,rsannes82@whitehouse.gov,Male,118.165.85.78
292,Gae,Gooke,ggooke83@shinystat.com,Genderqueer,51.37.30.54
293,Hughie,McCerery,hmccerery84@go.com,Male,90.12.160.171
294,Hamlen,Fontell,hfontell85@cbsnews.com,Polygender,250.236.87.186
295,Ruthie,Fain,rfain86@fastcompany.com,Female,114.150.172.107
296,Onfre,Odde,oodde87@mail.ru,Male,12.116.115.74
297,Isidora,Tribble,itribble88@cam.ac.uk,Female,170.229.210.78
298,Hadley,Collinge,hcollinge89@istockphoto.com,Male,253.157.227.191
299,Lewes,Mitcham,lmitcham8a@upenn.edu,Male,186.234.158.144
300,Manny,Wield,mwield8b@w3.org,Male,189.218.47.10
301,Hailey,Hanscomb,hhanscomb8c@arstechnica.com,Male,70.90.94.36
302,Boycey,Dobrovolny,bdobrovolny8d@jimdo.com,Male,186.64.170.64
303,Dorothy,Muckersie,dmuckersie8e@scientificamerican.com,Female,155.173.209.188
304,Barnard,Poleykett,bpoleykett8f@trellian.com,Male,215.158.15.132
305,Collete,Axford,caxford8g@bluehost.com,Female,10.33.190.79
306,Joete,Bertholin,jbertholin8h@ebay.co.uk,Female,198.12.100.131
307,Mel,Deares,mdeares8i@tuttocitta.it,Male,226.63.240.132
308,Cody,Kybert,ckybert8j@macromedia.com,Female,158.85.44.85
309,Averill,Norway,anorway8k@cnn.com,Male,147.186.243.208
310,Boigie,Sherrell,bsherrell8l@quantcast.com,Male,154.118.53.169
311,Marietta,Demaid,mdemaid8m@bandcamp.com,Male,51.107.213.134
312,Arly,Cawley,acawley8n@godaddy.com,Female,229.209.121.99
313,Cece,Tustin,ctustin8o@wunderground.com,Male,98.67.59.147
314,Bonny,Pittoli,bpittoli8p@nbcnews.com,Female,3.15.9.199
315,Janifer,Gland,jgland8q@cdc.gov,Female,198.227.31.180
316,Arleen,Stelfax,astelfax8r@forbes.com,Female,94.62.176.96
317,Alex,Beggan,abeggan8s@acquirethisname.com,Female,237.193.110.123
318,Thorn,Sewart,tsewart8t@trellian.com,Male,126.246.171.222
319,Josselyn,Lightbowne,jlightbowne8u@sogou.com,Female,84.77.65.69
320,Gennifer,Garrould,ggarrould8v@dell.com,Female,165.222.71.12
321,Emmet,Flexman,eflexman8w@tuttocitta.it,Non-binary,84.243.156.128
322,Clarita,Antonognoli,cantonognoli8x@sogou.com,Bigender,8.32.42.130
323,Lucienne,Casillis,lcasillis8y@angelfire.com,Female,11.171.205.73
324,Blair,Darrach,bdarrach8z@nsw.gov.au,Male,214.12.246.130
325,Brendis,Hamelyn,bhamelyn90@nydailynews.com,Male,158.57.67.31
326,Pryce,Mocher,pmocher91@sfgate.com,Male,60.212.8.99
327,Eddie,Gillebride,egillebride92@hostgator.com,Female,44.193.135.232
328,Joe,Gaveltone,jgaveltone93@dell.com,Male,78.203.55.83
329,Carlotta,Songust,csongust94@scientificamerican.com,Female,121.173.5.30
330,Brnaby,Olennikov,bolennikov95@sciencedaily.com,Male,143.68.246.45
331,Ikey,Churchley,ichurchley96@soup.io,Male,194.222.104.75
332,Bridgette,Catcheside,bcatcheside97@spiegel.de,Female,225.79.243.90
333,Rayner,Meldrum,rmeldrum98@pagesperso-orange.fr,Male,101.225.234.119
334,Hillier,Bonnette,hbonnette99@cnn.com,Male,89.89.3.116
335,Sergent,Troutbeck,stroutbeck9a@kickstarter.com,Male,194.1.180.25
336,Lorie,Boorne,lboorne9b@spiegel.de,Female,231.90.192.180
337,Minta,Bladge,mbladge9c@cloudflare.com,Female,92.103.54.29
338,Ardella,McKleod,amckleod9d@skyrock.com,Female,54.93.102.99
339,Etienne,McFarlan,emcfarlan9e@cnet.com,Male,145.59.32.3
340,Mirabel,Lummis,mlummis9f@discovery.com,Female,17.99.229.161
341,Thane,Parrington,tparrington9g@icq.com,Male,127.206.71.61
342,Hakim,Burston,hburston9h@harvard.edu,Male,159.88.26.13
343,Tine,Greggersen,tgreggersen9i@mapy.cz,Female,214.146.201.184
344,Ingram,Emmatt,iemmatt9j@craigslist.org,Male,157.11.218.227
345,Bard,Haccleton,bhaccleton9k@t.co,Male,105.115.68.204
346,El,Fury,efury9l@sourceforge.net,Male,109.240.246.233
347,Farris,Bourbon,fbourbon9m@webeden.co.uk,Male,115.117.91.141
348,Modestine,Olivas,molivas9n@spotify.com,Female,162.210.119.45
349,Shalna,Bony,sbony9o@liveinternet.ru,Female,218.104.93.74
350,Letisha,Korb,lkorb9p@gizmodo.com,Female,128.74.76.226
351,Gradeigh,Bowler,gbowler9q@stanford.edu,Male,97.141.253.65
352,Web,Clarkin,wclarkin9r@mapquest.com,Male,154.80.11.110
353,Brett,Kuhl,bkuhl9s@woothemes.com,Male,53.45.14.100
354,Lizabeth,Gouldthorpe,lgouldthorpe9t@bbb.org,Polygender,120.219.78.39
355,Quintana,Hember,qhember9u@ca.gov,Female,178.117.114.96
356,Katya,Unger,kunger9v@washington.edu,Female,25.94.127.80
357,Zebedee,Roubeix,zroubeix9w@cafepress.com,Agender,101.65.13.234
358,Maridel,Dowsett,mdowsett9x@de.vu,Polygender,93.87.123.65
359,Klaus,Pawelke,kpawelke9y@redcross.org,Male,229.173.188.109
360,Stillmann,Geraldez,sgeraldez9z@miibeian.gov.cn,Male,5.240.97.85
361,Scot,Vears,svearsa0@ameblo.jp,Male,250.45.54.177
362,Ham,Caldairou,hcaldairoua1@cbslocal.com,Male,28.106.248.113
363,Gardiner,Bear,gbeara2@goo.gl,Male,185.102.77.255
364,Uta,Troutbeck,utroutbecka3@netvibes.com,Female,160.216.180.109
365,Pet,Chattington,pchattingtona4@wired.com,Female,137.92.221.37
366,Fabian,Cruttenden,fcruttendena5@weebly.com,Male,100.155.57.233
367,Kiley,Kasperski,kkasperskia6@pbs.org,Male,193.149.220.28
368,Tulley,Cardon,tcardona7@indiatimes.com,Male,118.197.13.117
369,Erick,Atcheson,eatchesona8@nba.com,Male,56.49.166.165
370,Juline,Lorne,jlornea9@comsenz.com,Female,90.236.18.238
371,Dew,Wainscoat,dwainscoataa@theatlantic.com,Male,135.221.129.24
372,Kacie,Elgee,kelgeeab@guardian.co.uk,Female,95.129.236.14
373,Obadias,Carik,ocarikac@fema.gov,Male,74.114.200.175
374,Kyle,Alloway,kallowayad@godaddy.com,Male,56.169.174.71
375,Neilla,Kitching,nkitchingae@macromedia.com,Female,63.44.137.223
376,Rudie,Bestall,rbestallaf@squidoo.com,Male,234.248.224.207
377,Nance,Dutt,nduttag@merriam-webster.com,Female,9.137.122.17
378,Reeba,Nottingham,rnottinghamah@ocn.ne.jp,Female,245.65.25.40
379,Arabella,Tizzard,atizzardai@godaddy.com,Female,244.69.154.183
380,Nalani,Testin,ntestinaj@123-reg.co.uk,Female,221.231.142.185
381,Wandie,Amys,wamysak@unesco.org,Female,18.200.249.150
382,Jessi,Tagg,jtaggal@marketwatch.com,Female,240.13.211.211
383,Floyd,Norton,fnortonam@digg.com,Male,226.54.151.247
384,Elise,Belloch,ebellochan@forbes.com,Female,237.240.184.83
385,Joell,Jagielski,jjagielskiao@nymag.com,Female,158.66.5.148
386,Chevalier,Feedome,cfeedomeap@cdbaby.com,Genderqueer,81.132.8.5
387,Jere,Ridehalgh,jridehalghaq@cargocollective.com,Female,200.86.106.17
388,Kirk,Need,kneedar@dailymail.co.uk,Male,249.61.65.96
389,Moira,Metherell,mmetherellas@last.fm,Female,180.40.124.84
390,Roxane,Croce,rcroceat@newyorker.com,Female,30.18.232.116
391,Clay,Brownsea,cbrownseaau@istockphoto.com,Male,176.243.217.43
392,Belita,Walbrun,bwalbrunav@gov.uk,Female,136.141.242.62
393,Berry,Blakeney,bblakeneyaw@issuu.com,Female,121.159.153.110
394,Roscoe,Hegarty,rhegartyax@yellowbook.com,Male,81.231.9.59
395,Kin,Pigdon,kpigdonay@nationalgeographic.com,Male,72.6.207.7
396,Zebulen,McBay,zmcbayaz@mtv.com,Male,217.220.0.227
397,Ewen,Burgyn,eburgynb0@smugmug.com,Male,110.114.218.190
398,Ara,Farherty,afarhertyb1@constantcontact.com,Female,236.199.112.122
399,Blinnie,Skivington,bskivingtonb2@imgur.com,Genderfluid,248.66.224.103
400,Ewell,Beat,ebeatb3@elegantthemes.com,Male,253.130.66.135
401,Jarred,Jacquot,jjacquotb4@networksolutions.com,Male,180.180.88.157
402,Tobye,Collicott,tcollicottb5@plala.or.jp,Female,177.180.233.2
403,Gar,Brahams,gbrahamsb6@cbsnews.com,Male,25.229.251.94
404,Kassandra,Harriott,kharriottb7@odnoklassniki.ru,Female,159.27.138.201
405,Debby,Bearsmore,dbearsmoreb8@gnu.org,Polygender,167.89.234.123
406,Gwynne,Russ,grussb9@msu.edu,Female,3.40.107.14
407,Ferdinande,Clack,fclackba@utexas.edu,Female,58.61.60.149
408,Hernando,Sail,hsailbb@usda.gov,Male,70.249.72.86
409,Delcine,Chirm,dchirmbc@google.com.br,Female,52.229.140.16
410,Stacy,Drewry,sdrewrybd@mapquest.com,Female,47.54.196.132
411,Elsey,McNee,emcneebe@goodreads.com,Female,119.221.12.175
412,Kermit,Don,kdonbf@stanford.edu,Male,66.95.182.203
413,Philomena,Yakubovich,pyakubovichbg@disqus.com,Female,195.119.243.69
414,Bentlee,Hullock,bhullockbh@bing.com,Male,143.232.241.81
415,Isidore,Beneze,ibenezebi@blog.com,Male,69.56.79.69
416,Madelena,Benbough,mbenboughbj@wiley.com,Female,163.75.192.73
417,Dev,Coutthart,dcoutthartbk@homestead.com,Male,196.184.91.169
418,Noellyn,Oehme,noehmebl@people.com.cn,Female,228.225.49.133
419,Brooke,Wetherburn,bwetherburnbm@ucoz.com,Male,169.164.168.166
420,Winni,Crutch,wcrutchbn@istockphoto.com,Genderfluid,125.196.52.45
421,Niles,Emmanuel,nemmanuelbo@accuweather.com,Male,135.74.69.103
422,Nicholle,Dimberline,ndimberlinebp@aol.com,Female,197.108.92.78
423,Valdemar,Brownsell,vbrownsellbq@google.com.hk,Male,212.177.200.180
424,Gare,Radband,gradbandbr@pinterest.com,Male,167.220.130.145
425,Auria,Bayston,abaystonbs@jalbum.net,Female,252.12.5.226
426,Traver,Pawson,tpawsonbt@zdnet.com,Male,9.213.28.191
427,Morgan,Lampens,mlampensbu@forbes.com,Male,181.181.178.167
428,Pascale,Cuskery,pcuskerybv@princeton.edu,Male,139.196.249.132
429,Cathrin,Minchinden,cminchindenbw@msu.edu,Polygender,229.218.254.198
430,Danice,Metzke,dmetzkebx@cbc.ca,Female,215.55.153.125
431,Andrew,Seedull,aseedullby@cnet.com,Male,218.87.9.154
432,Deerdre,Eagle,deaglebz@de.vu,Female,99.132.180.19
433,Donn,Kalkhoven,dkalkhovenc0@flickr.com,Male,81.228.41.136
434,Winny,Billie,wbilliec1@arstechnica.com,Male,37.98.67.16
435,Nilson,Lednor,nlednorc2@is.gd,Male,107.127.162.81
436,Deane,Worthy,dworthyc3@skyrock.com,Female,22.207.144.56
437,Em,Hallgarth,ehallgarthc4@blogger.com,Female,62.50.166.42
438,Robby,Haycock,rhaycockc5@is.gd,Female,126.46.79.136
439,Hildegaard,MacAlister,hmacalisterc6@msn.com,Female,16.81.231.157
440,Benny,Bonar,bbonarc7@lulu.com,Female,59.146.89.182
441,Anissa,Pozzi,apozzic8@yolasite.com,Female,235.192.238.81
442,Ellerey,Demanche,edemanchec9@dailymail.co.uk,Male,191.78.126.80
443,Corina,Baitman,cbaitmanca@opensource.org,Non-binary,74.81.152.2
444,Julianna,Cliburn,jcliburncb@economist.com,Female,97.219.40.1
445,Ely,Hadlington,ehadlingtoncc@google.com.hk,Non-binary,105.61.213.118
446,Eolanda,Mannion,emannioncd@abc.net.au,Female,63.24.46.156
447,Isadore,Arro,iarroce@google.pl,Male,53.161.1.20
448,Bernelle,Mechell,bmechellcf@odnoklassniki.ru,Female,182.244.70.37
449,Arney,Hardson,ahardsoncg@stanford.edu,Male,146.254.180.38
450,Ricardo,Mocquer,rmocquerch@mozilla.org,Male,37.88.32.224
451,Bevon,Konzel,bkonzelci@wikia.com,Male,118.212.219.46
452,Agathe,Dignan,adignancj@fc2.com,Bigender,19.81.6.198
453,Sharl,Wabersich,swabersichck@vinaora.com,Female,165.159.216.167
454,Anya,Hubber,ahubbercl@timesonline.co.uk,Female,82.137.245.32
455,Elinore,Antonik,eantonikcm@comcast.net,Female,28.246.184.231
456,Will,Hamp,whampcn@tripod.com,Male,142.102.184.64
457,Mady,Fellis,mfellisco@who.int,Female,29.110.131.70
458,Brenna,Alabone,balabonecp@qq.com,Female,27.191.116.28
459,Tuck,Mamwell,tmamwellcq@cargocollective.com,Male,167.178.42.26
460,Miof mela,Pruce,mprucecr@youtube.com,Non-binary,152.120.203.4
461,Maurice,Laurenceau,mlaurenceaucs@forbes.com,Male,56.143.198.115
462,Cindie,Fishby,cfishbyct@redcross.org,Female,82.124.24.185
463,Grove,Underhill,gunderhillcu@oracle.com,Male,128.242.127.101
464,Aldric,Keniwell,akeniwellcv@taobao.com,Male,200.63.44.41
465,Krisha,Kinghorne,kkinghornecw@opensource.org,Genderqueer,103.189.249.155
466,Gauthier,Disman,gdismancx@theatlantic.com,Non-binary,56.8.221.129
467,Marmaduke,Seally,mseallycy@cyberchimps.com,Male,118.107.167.238
468,Babette,Doylend,bdoylendcz@go.com,Female,153.45.138.238
469,Dion,McCarrell,dmccarrelld0@diigo.com,Female,45.106.214.134
470,Fayette,Rosevear,froseveard1@a8.net,Bigender,62.53.165.224
471,Hayley,Cubbini,hcubbinid2@cocolog-nifty.com,Female,49.63.126.83
472,Pebrook,McCrohon,pmccrohond3@imdb.com,Male,233.255.81.137
473,Red,Godehard.sf,rgodehardsfd4@1688.com,Genderqueer,160.197.4.103
474,Helen,Shedd,hsheddd5@ibm.com,Female,223.12.85.181
475,Artemis,Monketon,amonketond6@weebly.com,Male,208.50.45.213
476,Timmi,Torresi,ttorresid7@shutterfly.com,Female,20.152.208.234
477,Karin,Boken,kbokend8@unc.edu,Female,155.131.188.94
478,Hendrick,Silvester,hsilvesterd9@cyberchimps.com,Male,40.221.163.69
479,Fionnula,Warmington,fwarmingtonda@xing.com,Female,40.173.109.39
480,Corena,Schustl,cschustldb@washington.edu,Female,211.102.246.189
481,Baryram,Handrek,bhandrekdc@ezinearticles.com,Male,53.187.254.4
482,Warden,Mickan,wmickandd@trellian.com,Male,205.221.135.65
483,Nil,Grey,ngreyde@smugmug.com,Male,123.207.115.229
484,Cathyleen,Nice,cnicedf@parallels.com,Female,11.106.160.41
485,Gothart,Jerke,gjerkedg@meetup.com,Male,155.16.47.210
486,Quinta,Steven,qstevendh@themeforest.net,Female,34.203.110.179
487,Nerte,Griffithe,ngriffithedi@vistaprint.com,Female,142.231.239.212
488,Ev,Cromblehome,ecromblehomedj@businesswire.com,Male,71.151.222.178
489,Thacher,Duce,tducedk@friendfeed.com,Male,242.189.43.44
490,Parker,Lynskey,plynskeydl@gnu.org,Male,27.72.219.213
491,Joanna,Delmonti,jdelmontidm@freewebs.com,Female,211.202.11.82
492,Flem,Yankeev,fyankeevdn@privacy.gov.au,Agender,67.119.94.137
493,Valaree,Knewstubb,vknewstubbdo@uiuc.edu,Female,81.15.230.9
494,Garry,Lunge,glungedp@theguardian.com,Male,11.147.71.58
495,James,Dudeney,jdudeneydq@deliciousdays.com,Male,74.246.189.170
496,Page,Fann,pfanndr@jiathis.com,Female,161.178.115.161
497,Benji,Putt,bputtds@sakura.ne.jp,Male,179.172.158.35
498,Kesley,Segrave,ksegravedt@eepurl.com,Female,133.124.43.150
499,Elyn,Hartus,ehartusdu@gov.uk,Female,89.229.88.117
500,Grannie,Hogbourne,ghogbournedv@weibo.com,Male,61.93.96.74
501,Jasun,Tsar,jtsardw@walmart.com,Male,234.82.242.117
502,Breanne,Dinnage,bdinnagedx@boston.com,Female,239.186.203.223
503,Caritta,Harradine,charradinedy@joomla.org,Female,242.154.31.0
504,Constanta,Piaggia,cpiaggiadz@cornell.edu,Female,221.209.220.171
505,Serge,McKennan,smckennane0@infoseek.co.jp,Male,147.143.223.221
506,Hestia,Courcey,hcourceye1@webnode.com,Female,104.251.149.24
507,Valentijn,Weldon,vweldone2@domainmarket.com,Male,223.164.139.59
508,Nick,Beagles,nbeaglese3@unesco.org,Male,97.208.71.194
509,Auberon,Luttger,aluttgere4@phoca.cz,Male,136.202.174.178
510,Timmi,Pietruszka,tpietruszkae5@hp.com,Female,93.255.146.154
511,Rodrique,Salan,rsalane6@behance.net,Male,52.17.247.220
512,Helena,Jovovic,hjovovice7@ucoz.com,Female,10.2.184.75
513,Mabel,Skillett,mskillette8@newsvine.com,Female,133.236.77.123
514,Kory,Konzel,kkonzele9@google.fr,Male,212.240.238.202
515,Clementina,Bourgaize,cbourgaizeea@squidoo.com,Female,155.47.190.85
516,Corny,Masi,cmasieb@cam.ac.uk,Female,235.74.145.16
517,Daron,Meakes,dmeakesec@surveymonkey.com,Female,184.120.98.251
518,Margot,Stoggell,mstoggelled@booking.com,Female,74.136.115.81
519,Twila,Jaimez,tjaimezee@ox.ac.uk,Female,175.47.214.156
520,Ilene,Mahody,imahodyef@deviantart.com,Female,247.17.110.225
521,Jed,Nunan,jnunaneg@wikipedia.org,Male,217.126.74.224
522,Cristabel,Rosenstock,crosenstockeh@umich.edu,Female,135.117.228.104
523,Izak,Bonn,ibonnei@ihg.com,Male,10.214.44.193
524,Lezley,Seamons,lseamonsej@cnbc.com,Male,49.209.246.171
525,Scarlett,Harradine,sharradineek@columbia.edu,Female,202.223.57.85
526,Falkner,Beardmore,fbeardmoreel@wufoo.com,Male,109.100.11.248
527,Cassandre,Jarrette,cjarretteem@prlog.org,Female,5.70.19.15
528,Wernher,Maleck,wmalecken@xinhuanet.com,Bigender,12.146.210.22
529,Pascal,Ghelardi,pghelardieo@geocities.com,Male,165.68.134.99
530,Tab,Woodwind,twoodwindep@networksolutions.com,Male,158.85.226.69
531,Abeu,Howen,ahoweneq@tripadvisor.com,Male,116.231.50.160
532,Vale,Burnep,vburneper@engadget.com,Male,124.17.244.221
533,Billi,Etchingham,betchinghames@newsvine.com,Genderqueer,251.169.129.236
534,Milton,Bog,mboget@ed.gov,Agender,186.213.240.181
535,Emmi,Pilfold,epilfoldeu@newsvine.com,Female,56.118.94.51
536,Baudoin,Koubu,bkoubuev@sciencedirect.com,Male,99.169.237.126
537,Odey,Cawdron,ocawdronew@smh.com.au,Male,34.62.28.5
538,Arri,Demoge,ademogeex@slideshare.net,Male,238.35.67.214
539,Abby,Adamovitch,aadamovitchey@gnu.org,Male,213.244.254.218
540,Jess,Treweela,jtreweelaez@freewebs.com,Male,99.160.135.249
541,Evyn,Lockton,elocktonf0@ted.com,Male,97.169.210.148
542,Euell,Ferrierio,eferrieriof1@fc2.com,Bigender,204.22.21.209
543,Carolyne,Cansdell,ccansdellf2@desdev.cn,Female,246.107.180.11
544,Tiffi,McGaw,tmcgawf3@topsy.com,Female,17.140.73.54
545,Vlad,Webborn,vwebbornf4@businessweek.com,Male,108.160.7.232
546,Jess,Sunshine,jsunshinef5@skyrock.com,Male,77.194.112.47
547,Salomone,Stonehouse,sstonehousef6@ning.com,Male,243.148.116.77
548,Ema,Onge,eongef7@cocolog-nifty.com,Female,110.173.244.43
549,Clywd,McNally,cmcnallyf8@istockphoto.com,Male,199.115.230.235
550,Kimble,Pyzer,kpyzerf9@imageshack.us,Male,102.141.25.22
551,Garrick,Lindmark,glindmarkfa@g.co,Male,157.102.103.176
552,Reginauld,Matthias,rmatthiasfb@360.cn,Male,233.204.55.153
553,Zaria,Licciardi,zlicciardifc@google.de,Female,225.123.236.172
554,Marie-jeanne,Sreenan,msreenanfd@cnn.com,Female,94.155.133.74
555,Ranique,Nettleship,rnettleshipfe@spiegel.de,Polygender,160.165.91.54
556,Harland,Carthy,hcarthyff@opera.com,Bigender,31.162.130.103
557,Lauren,Motto,lmottofg@sourceforge.net,Male,19.247.215.14
558,Rochella,Swyne,rswynefh@blogspot.com,Female,255.124.97.192
559,Gale,O'Flaverty,goflavertyfi@ihg.com,Female,62.48.196.140
560,Kendal,Meeron,kmeeronfj@theguardian.com,Male,175.95.250.215
561,Maddie,Telling,mtellingfk@google.pl,Female,21.112.58.238
562,Patty,Megarrell,pmegarrellfl@webs.com,Bigender,211.179.180.237
563,Clo,Agostini,cagostinifm@springer.com,Female,208.91.222.243
564,Lilla,Bartalini,lbartalinifn@yahoo.com,Female,248.212.123.136
565,Gabriell,Dewan,gdewanfo@stumbleupon.com,Female,234.74.202.15
566,Elaina,MacAdie,emacadiefp@chicagotribune.com,Female,67.244.34.137
567,Dyna,Klimentov,dklimentovfq@csmonitor.com,Female,165.247.53.87
568,Gran,Ronchetti,gronchettifr@yahoo.co.jp,Male,124.39.116.221
569,Cassandre,Hansbury,chansburyfs@wired.com,Female,40.132.147.210
570,Gale,Ridges,gridgesft@odnoklassniki.ru,Genderqueer,59.138.120.135
571,Tine,Eaglestone,teaglestonefu@php.net,Female,25.152.180.45
572,Dud,Darbey,ddarbeyfv@nydailynews.com,Male,30.89.46.107
573,Quincey,Boshere,qbosherefw@opensource.org,Male,27.201.202.50
574,Silvie,Boutellier,sboutellierfx@house.gov,Female,196.34.74.188
575,Leonie,Scranedge,lscranedgefy@mit.edu,Agender,90.195.248.74
576,Hamnet,Butterfint,hbutterfintfz@webs.com,Male,93.227.244.186
577,Malva,Barwood,mbarwoodg0@fda.gov,Female,184.97.203.5
578,Andriette,Gilli,agillig1@ezinearticles.com,Female,35.251.57.62
579,Kirby,MacConnechie,kmacconnechieg2@pcworld.com,Male,162.225.243.253
580,Matt,Jacqueminet,mjacqueminetg3@wired.com,Male,47.73.230.19
581,Katlin,Brannan,kbrannang4@latimes.com,Female,59.173.247.186
582,Caprice,Sadlier,csadlierg5@dagondesign.com,Female,223.99.40.96
583,Vasily,McCullum,vmccullumg6@cmu.edu,Male,34.20.122.105
584,Billy,Baumann,bbaumanng7@accuweather.com,Female,8.227.34.206
585,Jodi,Gaffey,jgaffeyg8@huffingtonpost.com,Male,193.167.159.64
586,Lamar,Pieter,lpieterg9@shareasale.com,Male,204.82.175.109
587,Amalle,Castangia,acastangiaga@purevolume.com,Female,132.168.147.252
588,Jourdan,Sudell,jsudellgb@loc.gov,Female,51.203.164.203
589,Anna-maria,Kingcott,akingcottgc@mlb.com,Female,31.46.112.116
590,Devina,Wingeatt,dwingeattgd@sphinn.com,Female,32.27.230.26
591,Doti,Heinzler,dheinzlerge@utexas.edu,Female,11.129.161.85
592,Sibeal,Moorerud,smoorerudgf@businessweek.com,Female,85.0.73.48
593,Ali,Rousby,arousbygg@ifeng.com,Male,160.125.38.172
594,Leanor,Udall,ludallgh@irs.gov,Female,155.128.170.56
595,Rosalynd,Marciskewski,rmarciskewskigi@intel.com,Female,77.138.95.252
596,Nathanial,Sterling,nsterlinggj@arstechnica.com,Male,177.163.37.222
597,Birch,Mikalski,bmikalskigk@imgur.com,Male,237.102.90.102
598,Timmy,O'Connolly,toconnollygl@is.gd,Bigender,117.239.210.30
599,Lucy,Eastman,leastmangm@eventbrite.com,Female,222.0.109.162
600,Randy,Leguay,rleguaygn@wikispaces.com,Male,56.190.239.75
601,Celeste,Clougher,ccloughergo@wordpress.org,Female,160.3.76.105
602,Thain,Bamlet,tbamletgp@xinhuanet.com,Genderqueer,148.235.226.152
603,Moyra,Soar,msoargq@xinhuanet.com,Female,16.201.165.195
604,Karel,De Vere,kdeveregr@is.gd,Male,76.123.176.70
605,Amelie,Kaley,akaleygs@vkontakte.ru,Female,120.195.209.108
606,Drugi,Luke,dlukegt@constantcontact.com,Male,143.231.65.15
607,Jemie,Mustarde,jmustardegu@aboutads.info,Female,85.113.90.30
608,Tiphanie,Le Barr,tlebarrgv@devhub.com,Female,86.96.38.67
609,Mendel,Trethowan,mtrethowangw@sfgate.com,Male,104.19.2.229
610,Kennie,Damiral,kdamiralgx@tiny.cc,Male,98.130.254.124
611,Lara,Kingett,lkingettgy@symantec.com,Female,115.224.159.21
612,Demetria,Durrad,ddurradgz@thetimes.co.uk,Female,82.200.99.60
613,Jerrilyn,Merrington,jmerringtonh0@phoca.cz,Female,130.118.203.198
614,Giles,Janicki,gjanickih1@opera.com,Male,102.171.245.6
615,Lance,Stracey,lstraceyh2@twitter.com,Male,192.106.99.43
616,Herman,Stobbes,hstobbesh3@geocities.jp,Male,243.215.85.191
617,Addy,Ashfull,aashfullh4@theguardian.com,Male,149.254.72.240
618,Malvina,Ionnisian,mionnisianh5@dagondesign.com,Female,185.28.103.181
619,Bondon,Ivashkov,bivashkovh6@yale.edu,Male,251.61.249.140
620,Zaccaria,Scough,zscoughh7@house.gov,Male,169.7.248.193
621,Robby,Collie,rcollieh8@odnoklassniki.ru,Male,130.221.117.73
622,Elwira,Weatherell,eweatherellh9@digg.com,Female,3.249.172.92
623,Debby,Aynscombe,daynscombeha@ovh.net,Female,111.112.21.135
624,Alric,Scholer,ascholerhb@fc2.com,Male,72.244.158.65
625,Edyth,Oakeby,eoakebyhc@liveinternet.ru,Genderfluid,178.54.35.190
626,Leopold,Whitmell,lwhitmellhd@pagesperso-orange.fr,Male,103.211.6.205
627,Bil,Willmett,bwillmetthe@bloglovin.com,Male,176.129.37.14
628,Griff,Cundict,gcundicthf@geocities.jp,Male,249.20.119.128
629,Lelia,Rosenfrucht,lrosenfruchthg@forbes.com,Female,100.4.40.165
630,Floyd,De Dantesie,fdedantesiehh@domainmarket.com,Male,80.103.8.190
631,Thorin,Tolliday,ttollidayhi@spiegel.de,Male,87.122.78.45
632,Wit,Clough,wcloughhj@go.com,Male,196.223.11.131
633,Karlan,Fudge,kfudgehk@princeton.edu,Agender,183.214.106.18
634,Libbey,Ritter,lritterhl@rakuten.co.jp,Bigender,38.61.51.95
635,Lincoln,Lumsdon,llumsdonhm@vkontakte.ru,Male,206.218.150.109
636,Brendin,Ramsby,bramsbyhn@lulu.com,Male,219.5.241.177
637,Maire,Le Friec,mlefriecho@washingtonpost.com,Female,237.235.88.148
638,Tallie,Lardge,tlardgehp@hubpages.com,Male,188.105.216.237
639,Massimo,Ondrasek,mondrasekhq@g.co,Male,46.168.44.115
640,Rudolf,Bather,rbatherhr@tinyurl.com,Male,116.55.15.126
641,Dasha,Dederich,ddederichhs@sogou.com,Female,210.176.232.126
642,Rafaela,Veivers,rveiversht@redcross.org,Genderfluid,175.19.11.241
643,Nanny,Balden,nbaldenhu@friendfeed.com,Female,104.111.25.197
644,Mamie,Annies,mannieshv@columbia.edu,Female,225.139.2.209
645,Berthe,Poetz,bpoetzhw@toplist.cz,Female,75.251.88.21
646,Kristin,Puddephatt,kpuddephatthx@fastcompany.com,Female,100.253.181.191
647,Emmit,Sirrell,esirrellhy@de.vu,Male,251.159.220.230
648,Ban,Evequot,bevequothz@imgur.com,Male,168.29.26.41
649,Robbyn,Checketts,rcheckettsi0@live.com,Female,57.170.212.130
650,Tyrone,Kemster,tkemsteri1@hatena.ne.jp,Male,155.66.79.180
651,Dorella,Backshell,dbackshelli2@sfgate.com,Female,115.17.146.8
652,Townie,Tollerfield,ttollerfieldi3@nasa.gov,Male,173.241.20.207
653,Jeniffer,Millyard,jmillyardi4@lycos.com,Female,143.92.251.103
654,Maury,Reuss,mreussi5@loc.gov,Male,75.45.138.132
655,Natalee,Haliday,nhalidayi6@sakura.ne.jp,Female,160.6.53.220
656,Abeu,Ardy,aardyi7@tripadvisor.com,Male,210.136.95.33
657,Cybil,Soaper,csoaperi8@4shared.com,Female,86.14.131.31
658,Herold,Shaves,hshavesi9@si.edu,Male,72.205.201.127
659,Stanleigh,Millan,smillania@ted.com,Male,207.119.236.32
660,Correy,Dunkley,cdunkleyib@eepurl.com,Male,212.136.230.65
661,Elicia,Rowland,erowlandic@umn.edu,Female,196.184.213.155
662,Carolyne,Axel,caxelid@forbes.com,Female,227.183.209.254
663,Dru,Clifforth,dclifforthie@soup.io,Male,150.220.83.56
664,Darci,Prise,dpriseif@google.com,Female,135.221.86.24
665,Mirabelle,Bahia,mbahiaig@hexun.com,Female,153.146.55.46
666,Celeste,Tidswell,ctidswellih@ow.ly,Female,166.196.152.194
667,Louise,Hallet,lhalletii@japanpost.jp,Female,153.246.154.98
668,Gaelan,Duffil,gduffilij@go.com,Male,199.176.78.113
669,Chen,O'Mullaney,comullaneyik@nifty.com,Male,194.103.91.221
670,Waldemar,Ricardon,wricardonil@imgur.com,Male,188.141.63.244
671,Beverley,Lesurf,blesurfim@qq.com,Female,210.73.44.67
672,Pinchas,Ambrodi,pambrodiin@oakley.com,Agender,115.191.49.132
673,Sapphira,Buzek,sbuzekio@latimes.com,Female,243.10.121.140
674,Fayre,Greenset,fgreensetip@state.tx.us,Female,16.16.254.4
675,Teriann,Eneas,teneasiq@storify.com,Genderqueer,221.62.48.61
676,Fee,Dodgshun,fdodgshunir@google.ca,Male,241.55.221.5
677,Marlow,Seymer,mseymeris@java.com,Male,169.229.167.74
678,Helen,Spreag,hspreagit@walmart.com,Female,193.42.196.93
679,Humfrey,Buttler,hbuttleriu@reuters.com,Male,82.45.219.151
680,Emlynne,McGonagle,emcgonagleiv@symantec.com,Female,128.197.174.229
681,Merilyn,Farrier,mfarrieriw@multiply.com,Female,4.81.20.141
682,Arch,Terrington,aterringtonix@mysql.com,Male,231.128.3.54
683,Orelle,Brimman,obrimmaniy@ocn.ne.jp,Female,2.132.202.61
684,Howey,Kitchingman,hkitchingmaniz@zimbio.com,Male,188.3.37.126
685,Stillman,Kelland,skellandj0@wired.com,Male,106.104.1.129
686,Vladamir,Buckthought,vbuckthoughtj1@cnbc.com,Male,176.41.219.190
687,Filia,Dolton,fdoltonj2@mapquest.com,Female,223.77.15.239
688,Jewel,Tibbetts,jtibbettsj3@sina.com.cn,Female,167.138.116.237
689,Ambrosius,Boast,aboastj4@weibo.com,Male,121.143.52.218
690,Denver,Huck,dhuckj5@google.cn,Male,129.212.203.170
691,Annora,Dinnage,adinnagej6@bloglines.com,Female,141.255.109.37
692,Phaidra,Riepl,prieplj7@hexun.com,Female,204.133.100.113
693,Brendan,Blissitt,bblissittj8@purevolume.com,Male,23.17.89.74
694,Berton,Kowal,bkowalj9@moonfruit.com,Male,139.89.214.148
695,Andreas,Hunnywell,ahunnywellja@go.com,Male,0.40.140.113
696,Dorita,Broome,dbroomejb@trellian.com,Female,10.201.213.141
697,Brandi,Tunnoch,btunnochjc@sciencedirect.com,Female,242.58.0.63
698,Tabby,Rosenbusch,trosenbuschjd@gmpg.org,Female,192.81.156.232
699,Si,Rendle,srendleje@xinhuanet.com,Male,197.223.98.111
700,Hedy,Gratrex,hgratrexjf@tamu.edu,Female,119.100.65.209
701,Hatti,Alu,halujg@theguardian.com,Agender,97.59.204.227
702,Hershel,Dugald,hdugaldjh@histats.com,Male,61.230.167.233
703,Korie,Kubalek,kkubalekji@slate.com,Female,196.81.235.31
704,Meghan,Ree,mreejj@soundcloud.com,Female,15.252.163.98
705,Arvie,O'Roan,aoroanjk@bloomberg.com,Male,197.229.144.84
706,Stinky,McCaughran,smccaughranjl@mapy.cz,Male,112.244.89.68
707,Brita,Grouvel,bgrouveljm@eventbrite.com,Female,197.252.10.2
708,Olia,Lechmere,olechmerejn@wix.com,Female,143.226.22.138
709,Micheline,De Rye Barrett,mderyebarrettjo@bandcamp.com,Female,9.167.217.245
710,Rainer,Whight,rwhightjp@desdev.cn,Male,8.56.50.3
711,Felicio,Pelos,fpelosjq@cnet.com,Male,108.29.185.254
712,Edithe,Mapes,emapesjr@salon.com,Female,171.199.183.52
713,Pavel,Naptine,pnaptinejs@4shared.com,Male,187.240.193.25
714,Wit,Steeden,wsteedenjt@addtoany.com,Male,91.31.210.24
715,Pam,Grima,pgrimaju@vk.com,Female,74.254.103.172
716,Lefty,Clipsham,lclipshamjv@chron.com,Male,36.188.111.61
717,Daisy,Trimby,dtrimbyjw@arstechnica.com,Female,111.10.110.219
718,Torr,Akast,takastjx@google.co.jp,Male,18.225.60.104
719,Carce,Boutellier,cboutellierjy@furl.net,Male,14.120.167.193
720,Jonathon,Crosfield,jcrosfieldjz@ucla.edu,Male,34.162.41.206
721,Willabella,Avrahamoff,wavrahamoffk0@cyberchimps.com,Female,81.162.121.238
722,Matty,Gladdish,mgladdishk1@yahoo.co.jp,Female,234.198.168.155
723,Alika,Loddon,aloddonk2@flickr.com,Female,45.86.123.78
724,Harwilll,Stocks,hstocksk3@mayoclinic.com,Male,0.0.85.139
725,Maxwell,Symons,msymonsk4@rambler.ru,Male,104.249.2.199
726,Reynard,Maiden,rmaidenk5@slideshare.net,Male,253.210.10.233
727,Montague,Mutton,mmuttonk6@tamu.edu,Non-binary,71.109.219.131
728,Denis,Paydon,dpaydonk7@storify.com,Male,127.72.229.175
729,Boigie,Feron,bferonk8@skype.com,Male,224.163.220.87
730,Wallas,Abrahamsen,wabrahamsenk9@infoseek.co.jp,Male,183.38.188.168
731,Carmencita,Beamiss,cbeamisska@hhs.gov,Female,166.238.3.104
732,Mylo,Tzarkov,mtzarkovkb@google.it,Male,174.204.1.253
733,Joelie,Cromley,jcromleykc@meetup.com,Female,20.22.54.239
734,Magdalena,Richardet,mrichardetkd@tuttocitta.it,Female,124.6.3.39
735,Maurita,Tingey,mtingeyke@cargocollective.com,Female,131.49.218.124
736,Ludwig,Howard,lhowardkf@bizjournals.com,Male,108.216.246.179
737,Goran,Moreno,gmorenokg@hud.gov,Male,53.148.79.89
738,Taber,Sturr,tsturrkh@webnode.com,Genderfluid,83.45.194.157
739,Yul,Morrid,ymorridki@dailymotion.com,Male,229.206.145.53
740,Fancie,Evangelinos,fevangelinoskj@twitpic.com,Female,138.77.68.35
741,Merrick,Marciskewski,mmarciskewskikk@reference.com,Male,241.88.140.111
742,Merrilee,Van Zon,mvanzonkl@zdnet.com,Female,54.95.181.28
743,Chucho,Delafont,cdelafontkm@bandcamp.com,Male,247.80.48.63
744,Modestia,Binley,mbinleykn@prlog.org,Female,27.38.206.234
745,Sax,Norrington,snorringtonko@1688.com,Male,78.51.149.38
746,Devonna,Currum,dcurrumkp@cisco.com,Female,37.78.46.82
747,Thaddeus,Le Blanc,tleblanckq@google.com,Male,233.234.55.43
748,Tally,Taye,ttayekr@ed.gov,Bigender,38.197.188.180
749,Rozella,Greensides,rgreensidesks@washingtonpost.com,Female,20.1.183.39
750,Cherianne,Barber,cbarberkt@blogspot.com,Female,29.117.68.86
751,Findlay,Cutajar,fcutajarku@livejournal.com,Male,12.136.243.254
752,Gwyn,Wakefield,gwakefieldkv@digg.com,Female,210.193.26.100
753,Isidor,Chiverton,ichivertonkw@bluehost.com,Male,211.90.49.156
754,Lindon,Swannack,lswannackkx@ask.com,Male,59.185.82.44
755,Marchelle,Naire,mnaireky@webmd.com,Female,36.187.137.15
756,Marlo,Postins,mpostinskz@virginia.edu,Male,207.116.154.100
757,Issiah,Bauldrey,ibauldreyl0@wisc.edu,Male,130.178.175.44
758,Jenine,Cadagan,jcadaganl1@seattletimes.com,Female,138.12.239.36
759,Auria,Jillard,ajillardl2@creativecommons.org,Female,52.169.142.108
760,Hedwig,Tommasetti,htommasettil3@nih.gov,Female,105.191.79.54
761,Colas,Hupka,chupkal4@bigcartel.com,Male,5.230.113.147
762,Kelley,Medina,kmedinal5@house.gov,Bigender,158.82.172.57
763,Cindie,Aleksandrev,caleksandrevl6@harvard.edu,Female,190.104.146.137
764,Remus,Dobby,rdobbyl7@biglobe.ne.jp,Male,236.137.69.37
765,Orbadiah,Streeton,ostreetonl8@facebook.com,Male,161.134.99.210
766,Sherlock,Consterdine,sconsterdinel9@cdbaby.com,Male,129.62.52.9
767,Evan,Sellors,esellorsla@zdnet.com,Male,148.111.137.127
768,Elfrieda,Olpin,eolpinlb@mail.ru,Non-binary,255.61.104.187
769,Gwenette,Benediktsson,gbenediktssonlc@hexun.com,Female,103.139.92.56
770,Turner,Pere,tpereld@utexas.edu,Male,42.6.183.218
771,Alfonse,Yegorov,ayegorovle@chronoengine.com,Male,99.32.53.232
772,Daren,Burdikin,dburdikinlf@cafepress.com,Male,56.81.238.252
773,Keen,Jearum,kjearumlg@deliciousdays.com,Male,6.16.76.96
774,Duke,Crimpe,dcrimpelh@wp.com,Male,100.63.239.130
775,Humbert,De Wolfe,hdewolfeli@qq.com,Male,37.97.58.127
776,Thornton,Ryman,trymanlj@yahoo.co.jp,Male,137.141.155.110
777,Roxanna,Twinning,rtwinninglk@narod.ru,Female,71.91.237.23
778,Jenna,Garmston,jgarmstonll@arstechnica.com,Female,51.249.173.236
779,Leesa,Skaife,lskaifelm@bizjournals.com,Female,52.6.190.133
780,Glynnis,Cyphus,gcyphusln@taobao.com,Female,71.5.229.48
781,Sal,Abbate,sabbatelo@un.org,Female,228.25.221.50
782,Edyth,Duiged,eduigedlp@bbb.org,Female,239.81.150.13
783,Albie,Ramos,aramoslq@nba.com,Male,222.44.100.101
784,Vincenty,Kleen,vkleenlr@tinyurl.com,Male,15.44.105.69
785,Thaddeus,Shemmans,tshemmansls@apple.com,Genderqueer,132.145.185.116
786,Xenia,Algie,xalgielt@gmpg.org,Female,89.35.25.60
787,Tommy,Kelley,tkelleylu@wikipedia.org,Male,67.137.3.2
788,Shea,Polk,spolklv@behance.net,Male,22.48.192.92
789,Isadora,Kleinpeltz,ikleinpeltzlw@bing.com,Female,236.156.239.30
790,Kaleena,Vesque,kvesquelx@cargocollective.com,Female,207.140.47.9
791,Temple,Rickard,trickardly@loc.gov,Male,33.190.103.37
792,Orion,Couves,ocouveslz@purevolume.com,Male,38.141.186.18
793,Alvie,McOrkil,amcorkilm0@github.com,Male,242.255.229.40
794,Alverta,Filipovic,afilipovicm1@sourceforge.net,Agender,202.238.195.24
795,Jyoti,Oakeshott,joakeshottm2@slashdot.org,Bigender,116.251.244.239
796,Lenka,MacSorley,lmacsorleym3@4shared.com,Female,130.12.190.254
797,Amandi,Willcott,awillcottm4@fda.gov,Female,165.159.107.239
798,Alexandrina,Beardsley,abeardsleym5@princeton.edu,Female,68.115.170.95
799,Idalia,Westphalen,iwestphalenm6@hao123.com,Female,6.49.113.76
800,Welby,Starrs,wstarrsm7@netscape.com,Male,105.107.197.174
801,Riannon,Tudge,rtudgem8@businessweek.com,Female,75.19.174.220
802,Jewell,Keeping,jkeepingm9@w3.org,Female,221.202.185.178
803,Niccolo,Kalker,nkalkerma@telegraph.co.uk,Male,89.59.99.213
804,Baudoin,Lys,blysmb@newyorker.com,Genderfluid,111.183.101.188
805,Geri,Mellows,gmellowsmc@t-online.de,Female,180.55.207.162
806,Corine,Toulch,ctoulchmd@wikispaces.com,Female,33.153.80.42
807,Birch,Abbotts,babbottsme@oaic.gov.au,Male,91.71.18.158
808,Gunilla,Kitchenside,gkitchensidemf@scribd.com,Genderqueer,18.188.26.103
809,Addie,Thaller,athallermg@walmart.com,Female,115.157.168.174
810,Peterus,Putley,pputleymh@bloglovin.com,Male,239.129.149.159
811,Cassie,Cosyns,ccosynsmi@admin.ch,Male,96.171.41.116
812,Jacqui,Southcomb,jsouthcombmj@rambler.ru,Female,11.51.148.97
813,Tracie,Grimstead,tgrimsteadmk@cnet.com,Female,16.220.114.45
814,Sibelle,Thoma,sthomaml@hc360.com,Female,34.108.79.200
815,Knox,Ossipenko,kossipenkomm@exblog.jp,Male,86.198.118.254
816,Lynnea,Striker,lstrikermn@omniture.com,Female,115.28.142.166
817,Skyler,Fochs,sfochsmo@marketwatch.com,Male,245.227.98.143
818,Marga,Dood,mdoodmp@csmonitor.com,Female,134.114.197.100
819,Candide,Sharrier,csharriermq@sciencedirect.com,Female,221.42.156.20
820,Zacharia,Glanvill,zglanvillmr@moonfruit.com,Male,62.49.20.169
821,Julianna,Laughton,jlaughtonms@businessweek.com,Female,111.39.26.84
822,Lockwood,Hughson,lhughsonmt@usgs.gov,Male,186.183.105.194
823,Nehemiah,Doorly,ndoorlymu@jugem.jp,Male,66.162.41.243
824,Nicola,Scorrer,nscorrermv@mayoclinic.com,Male,252.123.19.128
825,Lilly,Neilus,lneilusmw@sciencedirect.com,Female,240.206.115.57
826,Mathilda,Keppin,mkeppinmx@squarespace.com,Female,7.161.121.82
827,Evanne,Eynon,eeynonmy@dion.ne.jp,Female,38.78.113.168
828,Rubi,Sutehall,rsutehallmz@ted.com,Female,185.41.233.165
829,Lorilyn,Winspeare,lwinspearen0@jiathis.com,Female,142.92.174.232
830,Berna,Adrien,badrienn1@a8.net,Female,127.182.122.200
831,Nanice,Hellwing,nhellwingn2@sun.com,Female,30.112.235.81
832,Gerti,Philpotts,gphilpottsn3@symantec.com,Female,145.109.231.102
833,Tyne,Urquhart,turquhartn4@usa.gov,Female,248.152.236.57
834,Tabina,Geist,tgeistn5@forbes.com,Female,70.160.43.119
835,Martelle,Sigfrid,msigfridn6@sfgate.com,Female,66.103.156.112
836,Sarina,Kneath,skneathn7@tuttocitta.it,Female,89.234.55.201
837,Lamond,Crosio,lcrosion8@ibm.com,Male,142.17.61.230
838,Yevette,Feaviour,yfeaviourn9@usatoday.com,Female,118.44.134.210
839,Joey,Gavaran,jgavaranna@simplemachines.org,Male,124.89.243.242
840,Brittani,Bassindale,bbassindalenb@redcross.org,Female,147.174.151.14
841,Gina,Darco,gdarconc@hubpages.com,Female,4.186.83.246
842,Georgina,Abramowitch,gabramowitchnd@shinystat.com,Female,144.84.88.104
843,Fionnula,Roberds,froberdsne@phpbb.com,Polygender,152.105.108.56
844,Kellina,Casini,kcasininf@google.de,Female,73.197.169.179
845,Elmer,Sante,esanteng@ask.com,Male,174.29.154.106
846,Annalise,Helks,ahelksnh@so-net.ne.jp,Female,75.94.116.45
847,Frasquito,Goddman,fgoddmanni@pagesperso-orange.fr,Male,236.236.66.170
848,Athena,Coughtrey,acoughtreynj@stumbleupon.com,Agender,61.9.231.22
849,Petronille,Gapper,pgappernk@disqus.com,Female,158.176.45.94
850,Alanna,Hachette,ahachettenl@virginia.edu,Female,161.150.126.121
851,Clara,Deare,cdearenm@elpais.com,Female,130.106.177.229
852,Melloney,Betho,mbethonn@hud.gov,Female,7.200.212.178
853,Porty,Ansty,panstyno@behance.net,Male,105.120.176.26
854,Hiram,Twinning,htwinningnp@nasa.gov,Male,211.11.151.216
855,Gary,Guslon,gguslonnq@dropbox.com,Male,16.234.34.79
856,Jonie,Crimpe,jcrimpenr@statcounter.com,Female,203.53.103.40
857,Bronson,Petrina,bpetrinans@a8.net,Male,103.201.54.77
858,Gui,Bartzen,gbartzennt@ifeng.com,Female,187.128.208.180
859,Natala,Simon,nsimonnu@google.cn,Female,152.130.182.251
860,Verla,Matiasek,vmatiaseknv@smugmug.com,Female,179.86.103.172
861,Ame,Wiltshear,awiltshearnw@twitter.com,Female,223.225.130.194
862,Erastus,Novello,enovellonx@cbslocal.com,Male,11.38.196.223
863,Matteo,Pottiphar,mpottipharny@sakura.ne.jp,Male,173.117.175.130
864,Giralda,Barbe,gbarbenz@wikipedia.org,Female,217.171.128.134
865,Dara,Stewart,dstewarto0@linkedin.com,Female,72.79.94.129
866,Susannah,Peat,speato1@google.de,Female,177.162.33.162
867,Patty,Finden,pfindeno2@cafepress.com,Female,146.54.38.59
868,Theodore,Mascall,tmascallo3@ted.com,Male,195.8.250.90
869,Galvin,Espinos,gespinoso4@washington.edu,Male,236.174.13.204
870,Petra,Brosi,pbrosio5@51.la,Female,49.195.71.252
871,Beltran,Brockett,bbrocketto6@freewebs.com,Male,173.152.165.76
872,Willow,Crockatt,wcrockatto7@mtv.com,Female,25.14.212.96
873,Corey,Perrigo,cperrigoo8@typepad.com,Male,144.104.158.41
874,Antone,Duinkerk,aduinkerko9@spotify.com,Male,156.148.36.204
875,James,Neville,jnevilleoa@xing.com,Male,13.253.20.2
876,Britteny,Billson,bbillsonob@sciencedaily.com,Female,55.71.239.251
877,Fleur,Towersey,ftowerseyoc@constantcontact.com,Female,72.149.145.113
878,Maia,Mounsey,mmounseyod@cargocollective.com,Female,210.136.12.29
879,Noak,Laight,nlaightoe@wired.com,Male,153.191.11.59
880,Valaria,Eastmond,veastmondof@youtube.com,Female,30.33.104.50
881,Chrystal,Cavolini,ccavoliniog@123-reg.co.uk,Female,76.251.244.78
882,Cornall,Laddle,claddleoh@google.nl,Male,129.135.55.96
883,Hope,Lamartine,hlamartineoi@shinystat.com,Female,112.201.166.191
884,Terrill,Dunks,tdunksoj@geocities.com,Male,205.132.55.215
885,Clareta,Laroze,clarozeok@free.fr,Female,21.232.205.201
886,Joseito,Eaklee,jeakleeol@utexas.edu,Male,233.205.164.244
887,Gun,Comolli,gcomolliom@infoseek.co.jp,Male,252.38.47.161
888,Karoly,Kyttor,kkyttoron@qq.com,Male,30.184.25.233
889,Laurie,Harrower,lharroweroo@pagesperso-orange.fr,Male,247.84.133.228
890,Chandal,Nibloe,cnibloeop@cargocollective.com,Female,185.150.138.75
891,Teena,Carlens,tcarlensoq@ameblo.jp,Genderqueer,148.234.80.214
892,Teodor,D'Costa,tdcostaor@amazon.co.jp,Male,194.178.111.210
893,Leroi,Duigenan,lduigenanos@privacy.gov.au,Male,202.117.48.41
894,Nissa,De Filippis,ndefilippisot@webeden.co.uk,Female,227.133.46.14
895,Guntar,Griffitts,ggriffittsou@adobe.com,Male,150.65.84.120
896,Torie,Rizziello,trizzielloov@multiply.com,Female,230.160.118.181
897,Suzie,Quince,squinceow@livejournal.com,Female,0.205.175.6
898,Ilse,Tixall,itixallox@vistaprint.com,Female,155.235.83.99
899,Renie,Godspede,rgodspedeoy@theguardian.com,Female,123.37.142.78
900,Allyn,Petrushka,apetrushkaoz@163.com,Female,113.162.31.250
901,Penrod,Neiland,pneilandp0@theglobeandmail.com,Male,60.224.9.152
902,Davidson,Vasyatkin,dvasyatkinp1@blog.com,Male,28.202.25.196
903,Miran,Perkin,mperkinp2@columbia.edu,Agender,166.159.206.156
904,Erena,Fowler,efowlerp3@sogou.com,Female,82.131.15.59
905,Daveta,Cotterell,dcotterellp4@time.com,Non-binary,144.199.251.4
906,Emma,Raspel,eraspelp5@tinypic.com,Female,18.118.25.117
907,Dermot,Varvell,dvarvellp6@economist.com,Male,106.78.143.211
908,Gertruda,Keenleyside,gkeenleysidep7@vk.com,Female,0.126.249.99
909,Halley,Etchingham,hetchinghamp8@amazon.com,Female,82.216.112.101
910,Reinaldos,Kleinpeltz,rkleinpeltzp9@adobe.com,Male,89.240.9.18
911,Briant,Deakins,bdeakinspa@sakura.ne.jp,Bigender,102.122.51.182
912,Pren,Cowlishaw,pcowlishawpb@bbb.org,Male,143.131.170.126
913,Albertina,Worsalls,aworsallspc@jugem.jp,Female,125.129.211.15
914,Jeremiah,Mattityahou,jmattityahoupd@mozilla.org,Male,20.166.203.176
915,Fowler,Yirrell,fyirrellpe@dailymotion.com,Genderfluid,245.59.1.82
916,Amandy,Reinard,areinardpf@alexa.com,Female,200.43.27.126
917,Thorin,Andrejs,tandrejspg@independent.co.uk,Male,142.134.70.241
918,Merla,Alvaro,malvaroph@plala.or.jp,Female,154.21.86.174
919,Lalo,Sollett,lsollettpi@ucoz.com,Male,191.6.191.163
920,Hobey,Learmond,hlearmondpj@ftc.gov,Male,44.1.221.108
921,Devonna,Ibel,dibelpk@auda.org.au,Female,176.11.201.206
922,Stormie,Feria,sferiapl@apple.com,Female,227.234.26.134
923,Durant,Rossbrook,drossbrookpm@oakley.com,Male,243.220.30.108
924,Madalena,Yerill,myerillpn@tripadvisor.com,Female,150.136.104.247
925,Crystie,Redgewell,credgewellpo@hibu.com,Bigender,221.248.197.203
926,Pinchas,Jewess,pjewesspp@craigslist.org,Male,149.109.139.111
927,Merci,Nunan,mnunanpq@technorati.com,Female,143.168.28.80
928,Georg,Pepon,gpeponpr@sun.com,Male,115.99.253.81
929,Starlin,Waterson,swatersonps@jalbum.net,Female,195.166.50.23
930,Ula,Pappi,upappipt@pinterest.com,Female,12.65.121.131
931,Chandal,Hollyar,chollyarpu@sourceforge.net,Polygender,21.35.0.180
932,Danell,Botten,dbottenpv@networksolutions.com,Female,151.7.49.1
933,Tom,Alabone,talabonepw@furl.net,Male,131.106.105.188
934,Elroy,Glasscoo,eglasscoopx@deliciousdays.com,Male,14.79.1.108
935,Christy,Reimer,creimerpy@4shared.com,Male,179.36.5.97
936,Berenice,Biaggioli,bbiaggiolipz@google.co.jp,Bigender,92.216.244.137
937,Rafaellle,Kures,rkuresq0@4shared.com,Male,131.153.214.114
938,Benedicto,Sonley,bsonleyq1@xing.com,Male,97.179.249.189
939,Cecil,Sharrard,csharrardq2@epa.gov,Genderfluid,85.180.64.88
940,Nedda,Fahy,nfahyq3@diigo.com,Female,101.101.68.18
941,Fax,Duguid,fduguidq4@weibo.com,Male,131.80.176.173
942,Onfroi,Cayette,ocayetteq5@mlb.com,Male,20.116.12.186
943,Orbadiah,Perchard,operchardq6@diigo.com,Male,182.173.125.70
944,Antony,Burdon,aburdonq7@mac.com,Male,232.178.25.162
945,Malchy,Coolbear,mcoolbearq8@printfriendly.com,Male,199.158.30.228
946,Maureen,Cogzell,mcogzellq9@biglobe.ne.jp,Female,25.184.33.127
947,Sheena,Lygoe,slygoeqa@fc2.com,Female,165.28.31.238
948,Marji,Domenichelli,mdomenichelliqb@addtoany.com,Female,187.123.163.194
949,Kristel,Jupp,kjuppqc@friendfeed.com,Female,173.86.223.239
950,Erika,Dober,edoberqd@com.com,Female,23.220.84.202
951,Rollins,Vokins,rvokinsqe@webmd.com,Male,84.254.102.210
952,Ethelin,Ironside,eironsideqf@bbb.org,Female,5.254.243.144
953,Jerrold,Champagne,jchampagneqg@time.com,Male,154.138.37.160
954,Ethel,Hakonsen,ehakonsenqh@chronoengine.com,Female,165.76.197.74
955,Latisha,Sucre,lsucreqi@chicagotribune.com,Genderqueer,49.138.80.90
956,Hattie,Picker,hpickerqj@google.es,Female,73.133.232.143
957,Radcliffe,Dowse,rdowseqk@patch.com,Male,9.240.246.223
958,Aldwin,Camolli,acamolliql@netscape.com,Male,125.47.4.14
959,Ingamar,Bright,ibrightqm@nytimes.com,Agender,222.202.7.68
960,Lilyan,Rowena,lrowenaqn@springer.com,Female,102.165.154.64
961,Mollie,Mingey,mmingeyqo@dion.ne.jp,Female,40.154.95.156
962,Maire,Reidshaw,mreidshawqp@shop-pro.jp,Female,54.125.223.99
963,Warner,Radbourn,wradbournqq@ovh.net,Genderqueer,93.50.199.177
964,Raphael,Parkin,rparkinqr@furl.net,Male,95.250.45.239
965,Matthias,Aspel,maspelqs@ihg.com,Male,153.12.124.168
966,Honey,Theobold,htheoboldqt@webs.com,Female,80.238.115.230
967,Mychal,Woodyatt,mwoodyattqu@chron.com,Male,213.159.236.246
968,Arlen,Allsepp,aallseppqv@gravatar.com,Male,171.184.217.192
969,Ase,Frewer,afrewerqw@china.com.cn,Male,42.213.129.48
970,Garret,Whall,gwhallqx@nsw.gov.au,Male,172.100.102.157
971,Lazar,Van,lvanqy@linkedin.com,Male,21.173.49.190
972,Ellis,Guillard,eguillardqz@nyu.edu,Male,30.198.122.98
973,Amelia,Everingham,aeveringhamr0@angelfire.com,Female,202.13.110.166
974,Kearney,Kitteman,kkittemanr1@addthis.com,Male,120.182.199.195
975,Renado,Dawks,rdawksr2@photobucket.com,Male,80.249.246.102
976,Dorie,Ledwith,dledwithr3@shareasale.com,Female,245.173.203.1
977,Hillard,Paish,hpaishr4@qq.com,Male,164.82.185.83
978,Thibaud,McParlin,tmcparlinr5@nationalgeographic.com,Male,171.214.198.182
979,Meaghan,Wield,mwieldr6@bbb.org,Female,0.252.226.116
980,Tailor,Writer,twriterr7@hhs.gov,Genderqueer,219.191.147.154
981,Laney,Boichat,lboichatr8@t-online.de,Male,91.11.108.65
982,Paige,Lippatt,plippattr9@samsung.com,Male,31.59.135.94
983,Anica,O'Gready,aogreadyra@apache.org,Genderfluid,53.174.92.58
984,Jerald,Crippell,jcrippellrb@ucoz.ru,Male,180.234.85.198
985,Charlot,Elcum,celcumrc@ovh.net,Female,208.101.78.128
986,Sayres,Judkins,sjudkinsrd@aboutads.info,Male,130.90.45.231
987,Hedi,Lillico,hlillicore@imgur.com,Female,123.183.12.194
988,Randa,Massei,rmasseirf@weibo.com,Female,107.157.162.159
989,Ingram,Cometti,icomettirg@mapy.cz,Male,164.160.134.144
990,Conchita,M'Chirrie,cmchirrierh@indiegogo.com,Female,156.92.5.116
991,Odette,Ben-Aharon,obenaharonri@java.com,Female,152.107.152.138
992,Filippo,Frederick,ffrederickrj@feedburner.com,Male,115.248.44.125
993,Tricia,Bernath,tbernathrk@phoca.cz,Female,60.233.248.79
994,Cherrita,Bramham,cbramhamrl@chronoengine.com,Female,95.28.136.80
995,Lauretta,Risby,lrisbyrm@over-blog.com,Female,198.78.90.36
996,Abby,Coldham,acoldhamrn@dot.gov,Male,147.23.173.72
997,Dorine,Cullabine,dcullabinero@github.io,Female,25.125.37.108
998,Alistair,Bento,abentorp@imdb.com,Male,178.25.37.185
999,Tabby,Yerborn,tyerbornrq@arizona.edu,Female,37.233.214.211
1000,Julie,Keiling,jkeilingrr@godaddy.com,Non-binary,175.93.125.234
